CreatedOn,HarvestId,BatchCode,Weight,Pieces,ProductName,Size,CrateCode,NewCrateCode,DestinationName,NewDestinationName
2026-07-30 06:28:53,207432,GA09\YU25-074,32.13,25,SXXL,SXXL,OC6470,OC6470,HV-FSkinL,HV-FSkinL
2026-07-30 06:32:50,207433,GA09\YU25-074,31.08,25,SXXL,SXXL,OC1022,OC1022,HV-FSkinL,HV-FSkinL
2026-07-30 06:33:05,207434,GA09\YU25-074,30.46,25,SXXL,SXXL,OC3933,OC3933,HV-FSkinL,HV-FSkinL
2026-07-30 06:33:21,207435,GA09\YU25-074,30.25,25,SXXL,SXXL,OC6044,OC6044,HV-FSkinL,HV-FSkinL
2026-07-30 06:33:32,207436,GA09\YU25-074,31.49,25,SXXL,SXXL,OC4969,OC4969,HV-FSkinL,HV-FSkinL
2026-07-30 06:33:50,207437,GA09\YU25-074,30.58,25,SXXL,SXXL,OC5522,OC5522,HV-FSkinL,HV-FSkinL
2026-07-30 06:34:05,207438,GA09\YU25-074,30.56,25,SXXL,SXXL,OC5881,OC5881,HV-FSkinL,HV-FSkinL
2026-07-30 06:34:16,207439,GA09\YU25-074,30.80,25,SXXL,SXXL,OC6277,OC6277,HV-FSkinL,HV-FSkinL
2026-07-30 06:34:27,207440,GA09\YU25-074,30.64,25,SXXL,SXXL,OC5862,OC5862,HV-FSkinL,HV-FSkinL
2026-07-30 06:34:44,207441,GA09\YU25-074,30.94,25,SXXL,SXXL,CC0951,CC0951,HV-FSkinL,HV-FSkinL
2026-07-30 06:34:57,207442,GA09\YU25-074,29.69,25,SXXL,SXXL,OC0981,OC0981,HV-FSkinL,HV-FSkinL
2026-07-30 06:35:07,207443,GA09\YU25-074,32.04,25,SXXL,SXXL,OC8295,OC8295,HV-FSkinL,HV-FSkinL
2026-07-30 06:35:34,207444,GA09\YU25-074,30.66,25,SXXL,SXXL,CC1478,CC1478,HV-FSkinL,HV-FSkinL
2026-07-30 06:35:46,207445,GA09\YU25-074,30.82,25,SXXL,SXXL,OC5661,OC5661,HV-FSkinL,HV-FSkinL
2026-07-30 06:36:00,207446,GA09\YU25-074,29.43,25,SXXL,SXXL,OC5972,OC5972,HV-FSkinL,HV-FSkinL
2026-07-30 06:36:25,207447,GA09\YU25-074,30.06,25,SXXL,SXXL,OC1288,OC1288,HV-FSkinL,HV-FSkinL
2026-07-30 06:36:37,207448,GA09\YU25-074,30.27,25,SXXL,SXXL,OC5331,OC5331,HV-FSkinL,HV-FSkinL
2026-07-30 06:36:47,207449,GA09\YU25-074,31.36,25,SXXL,SXXL,OC6641,OC6641,HV-FSkinL,HV-FSkinL
2026-07-30 06:37:05,207450,GA09\YU25-074,32.10,25,SXXL,SXXL,OC5771,OC5771,HV-FSkinL,HV-FSkinL
2026-07-30 06:37:15,207451,GA09\YU25-074,31.26,25,SXXL,SXXL,CC1329,CC1329,HV-FSkinL,HV-FSkinL
2026-07-30 06:37:31,207452,GA09\YU25-074,29.76,25,SXXL,SXXL,OC5034,OC5034,HV-FSkinL,HV-FSkinL
2026-07-30 06:37:38,207453,GA09\YU25-074,31.60,25,SXXL,SXXL,OC5742,OC5742,HV-FSkinL,HV-FSkinL
2026-07-30 06:37:45,207454,GA09\YU25-074,31.20,25,SXXL,SXXL,CC1399,CC1399,HV-FSkinL,HV-FSkinL
2026-07-30 06:37:51,207455,GA09\YU25-074,32.61,25,SXXL,SXXL,OC6140,OC6140,HV-FSkinL,HV-FSkinL
2026-07-30 07:07:24,207456,GA09\YU25-074,30.67,25,SXXL,SXXL,OC10652,OC10652,HV-FSkinL,HV-FSkinL
2026-07-30 07:07:31,207457,GA09\YU25-074,30.23,25,SXXL,SXXL,OC5601,OC5601,HV-FSkinL,HV-FSkinL
2026-07-30 07:07:45,207458,GA09\YU25-074,29.40,25,SXXL,SXXL,OC5365,OC5365,HV-FSkinL,HV-FSkinL
2026-07-30 07:07:57,207459,GA09\YU25-074,30.67,25,SXXL,SXXL,OC8214,OC8214,HV-FSkinL,HV-FSkinL
2026-07-30 07:08:03,207460,GA09\YU25-074,30.68,25,SXXL,SXXL,OC5323,OC5323,HV-FSkinL,HV-FSkinL
2026-07-30 07:08:11,207461,GA09\YU25-074,30.57,25,SXXL,SXXL,OC5765,OC5765,HV-FSkinL,HV-FSkinL
2026-07-30 07:08:17,207462,GA09\YU25-074,32.35,25,SXXL,SXXL,OC6359,OC6359,HV-FSkinL,HV-FSkinL
2026-07-30 07:08:36,207463,GA09\YU25-074,32.14,25,SXXL,SXXL,OC4711,OC4711,HV-FSkinL,HV-FSkinL
2026-07-30 07:09:29,207464,GA09\YU25-074,30.13,25,SXXL,SXXL,OC5846,OC5846,HV-FSkinL,HV-FSkinL
2026-07-30 07:09:51,207465,GA09\YU25-074,34.85,44,Extra Large,ExtraLarge,OC6961,OC6961,HV-G&S,HV-G&S
2026-07-30 07:09:58,207466,GA09\YU25-074,33.38,44,Extra Large,ExtraLarge,OC3610,OC3610,HV-G&S,HV-G&S
2026-07-30 07:10:04,207467,GA09\YU25-074,33.46,44,Extra Large,ExtraLarge,OC4283,OC4283,HV-G&S,HV-G&S
2026-07-30 07:10:14,207468,GA09\YU25-074,33.29,44,Extra Large,ExtraLarge,OC6097,OC6097,HV-G&S,HV-G&S
2026-07-30 07:10:22,207469,GA09\YU25-074,32.34,44,Extra Large,ExtraLarge,OC8513,OC8513,HV-G&S,HV-G&S
2026-07-30 07:10:27,207470,GA09\YU25-074,34.17,44,Extra Large,ExtraLarge,CC1238,CC1238,HV-G&S,HV-G&S
2026-07-30 07:10:52,207471,GA09\YU25-074,33.59,44,Extra Large,ExtraLarge,OC6397,OC14189,Packing,Dispatch
2026-07-30 07:11:05,207472,GA09\YU25-074,33.00,44,Extra Large,ExtraLarge,OC6952,OC8180,Packing,Dispatch
2026-07-30 07:11:10,207473,GA09\YU25-074,33.09,44,Extra Large,ExtraLarge,OC3990,OC7334,Packing,Dispatch
2026-07-30 07:11:16,207474,GA09\YU25-074,32.37,44,Extra Large,ExtraLarge,OC8304,OC12713,Packing,Dispatch
2026-07-30 07:11:24,207475,GA09\YU25-074,32.01,44,Extra Large,ExtraLarge,OC3094,OC12317,Packing,Dispatch
2026-07-30 07:11:28,207476,GA09\YU25-074,33.19,44,Extra Large,ExtraLarge,OC14189,OC9793,Packing,Dispatch
2026-07-30 07:11:43,207477,GA09\YU25-074,34.89,44,Extra Large,ExtraLarge,CC1469,CC1469,Packing,Packing
2026-07-30 07:12:12,207478,GA09\YU25-074,33.91,44,Extra Large,ExtraLarge,OC5388,OC5388,Packing,Packing
2026-07-30 07:12:17,207479,GA09\YU25-074,33.76,44,Extra Large,ExtraLarge,OC6760,OC6760,Packing,Packing
2026-07-30 07:12:38,207480,GA09\YU25-074,28.07,28,XXL,XXL,OC6287,OC6287,HV-G&S,HV-G&S
2026-07-30 07:12:43,207481,GA09\YU25-074,27.42,28,XXL,XXL,OC7452,OC7452,HV-G&S,HV-G&S
2026-07-30 07:12:58,207482,GA09\YU25-074,29.45,28,XXL,XXL,OC0835,OC0835,HV-G&S,HV-G&S
2026-07-30 07:13:20,207483,GA09\YU25-074,27.73,28,XXL,XXL,OC4203,OC4203,HV-G&S,HV-G&S
2026-07-30 07:13:34,207484,GA09\YU25-074,27.73,28,XXL,XXL,OC6908,OC6908,HV-G&S,HV-G&S
2026-07-30 07:13:47,207485,GA09\YU25-074,27.11,28,XXL,XXL,CC1327,CC1327,HV-G&S,HV-G&S
2026-07-30 07:14:04,207486,GA09\YU25-074,27.79,28,XXL,XXL,OC5785,OC5785,HV-G&S,HV-G&S
2026-07-30 07:14:08,207487,GA09\YU25-074,27.38,28,XXL,XXL,OC5261,OC5261,HV-G&S,HV-G&S
2026-07-30 07:14:16,207488,GA09\YU25-074,27.81,28,XXL,XXL,CC0936,CC0936,HV-G&S,HV-G&S
2026-07-30 07:14:27,207489,GA09\YU25-074,28.15,28,XXL,XXL,OC3389,OC3389,HV-G&S,HV-G&S
2026-07-30 07:14:37,207490,GA09\YU25-074,28.42,28,XXL,XXL,OC8241,OC8241,HV-G&S,HV-G&S
2026-07-30 07:14:47,207491,GA09\YU25-074,27.99,28,XXL,XXL,OC5626,OC5626,HV-G&S,HV-G&S
2026-07-30 07:15:05,207492,GA09\YU25-074,27.72,28,XXL,XXL,OC4407,OC4407,HV-G&S,HV-G&S
2026-07-30 07:15:15,207493,GA09\YU25-074,27.57,28,XXL,XXL,OC6254,OC6254,HV-G&S,HV-G&S
2026-07-30 07:15:23,207494,GA09\YU25-074,27.59,28,XXL,XXL,CC1395,CC1395,HV-G&S,HV-G&S
2026-07-30 07:15:27,207495,GA09\YU25-074,27.90,28,XXL,XXL,OC6824,OC6824,HV-G&S,HV-G&S
2026-07-30 07:15:36,207496,GA09\YU25-074,27.75,28,XXL,XXL,OC7908,OC7908,HV-G&S,HV-G&S
2026-07-30 07:15:40,207497,GA09\YU25-074,27.30,28,XXL,XXL,OC6691,OC6691,HV-G&S,HV-G&S
2026-07-30 07:15:46,207498,GA09\YU25-074,28.00,28,XXL,XXL,OC5296,OC5296,HV-G&S,HV-G&S
2026-07-30 07:15:54,207499,GA09\YU25-074,27.68,28,XXL,XXL,OC5629,OC5629,HV-G&S,HV-G&S
2026-07-30 07:16:07,207500,GA09\YU25-074,27.19,28,XXL,XXL,OC8422,OC8422,HV-G&S,HV-G&S
2026-07-30 07:16:23,207501,GA09\YU25-074,27.03,28,XXL,XXL,OC10625,OC10625,HV-G&S,HV-G&S
2026-07-30 07:17:00,207502,GA09\YU25-074,27.41,28,XXL,XXL,CC1212,CC1212,HV-G&S,HV-G&S
2026-07-30 07:17:07,207503,GA09\YU25-074,27.66,28,XXL,XXL,OC7420,OC7420,HV-G&S,HV-G&S
2026-07-30 07:17:14,207504,GA09\YU25-074,27.73,28,XXL,XXL,CC1315,CC1315,HV-G&S,HV-G&S
2026-07-30 07:17:25,207505,GA09\YU25-074,27.51,28,XXL,XXL,CC1442,CC1442,HV-G&S,HV-G&S
2026-07-30 07:17:30,207506,GA09\YU25-074,27.11,28,XXL,XXL,OC5865,OC5865,HV-G&S,HV-G&S
2026-07-30 07:17:41,207507,GA09\YU25-074,27.16,28,XXL,XXL,OC8300,OC8300,HV-G&S,HV-G&S
2026-07-30 07:17:47,207508,GA09\YU25-074,27.73,28,XXL,XXL,OC6606,OC6606,HV-G&S,HV-G&S
2026-07-30 07:17:54,207509,GA09\YU25-074,27.46,28,XXL,XXL,OC4943,OC4943,HV-G&S,HV-G&S
2026-07-30 07:18:00,207510,GA09\YU25-074,28.20,28,XXL,XXL,OC5156,OC5156,HV-G&S,HV-G&S
2026-07-30 07:18:06,207511,GA09\YU25-074,27.95,28,XXL,XXL,OC5470,OC5470,HV-G&S,HV-G&S
2026-07-30 07:18:19,207512,GA09\YU25-074,27.92,28,XXL,XXL,CC1271,CC1271,HV-G&S,HV-G&S
2026-07-30 07:18:28,207513,GA09\YU25-074,28.03,28,XXL,XXL,CC0942,CC0942,HV-G&S,HV-G&S
2026-07-30 07:18:33,207514,GA09\YU25-074,27.15,28,XXL,XXL,CC1417,CC1417,HV-G&S,HV-G&S
2026-07-30 07:18:41,207515,GA09\YU25-074,28.17,28,XXL,XXL,OC4936,OC4936,HV-G&S,HV-G&S
2026-07-30 07:18:48,207516,GA09\YU25-074,28.33,28,XXL,XXL,OC8154,OC8154,HV-G&S,HV-G&S
2026-07-30 07:18:57,207517,GA09\YU25-074,28.10,28,XXL,XXL,OC8247,OC8247,HV-G&S,HV-G&S
2026-07-30 07:19:04,207518,GA09\YU25-074,27.77,28,XXL,XXL,OC4963,OC4963,HV-G&S,HV-G&S
2026-07-30 07:19:10,207519,GA09\YU25-074,27.47,28,XXL,XXL,OC10180,OC10180,HV-G&S,HV-G&S
2026-07-30 07:19:20,207520,GA09\YU25-074,27.22,28,XXL,XXL,OC10511,OC10511,HV-G&S,HV-G&S
2026-07-30 07:19:26,207521,GA09\YU25-074,27.77,28,XXL,XXL,OC5863,OC5863,HV-G&S,HV-G&S
2026-07-30 07:19:31,207522,GA09\YU25-074,27.63,28,XXL,XXL,OC11798,OC11798,HV-G&S,HV-G&S
2026-07-30 07:19:37,207523,GA09\YU25-074,28.70,28,XXL,XXL,OC8009,OC8009,HV-G&S,HV-G&S
2026-07-30 07:19:47,207524,GA09\YU25-074,27.69,28,XXL,XXL,OC0375,OC0375,HV-G&S,HV-G&S
2026-07-30 07:20:00,207525,GA09\YU25-074,27.70,28,XXL,XXL,OC8132,OC8132,HV-G&S,HV-G&S
2026-07-30 07:20:05,207526,GA09\YU25-074,27.77,28,XXL,XXL,OC10573,OC10573,HV-G&S,HV-G&S
2026-07-30 07:20:24,207527,GA09\YU25-074,27.90,28,XXL,XXL,CC1356,CC1356,HV-G&S,HV-G&S
2026-07-30 07:20:30,207528,GA09\YU25-074,28.21,28,XXL,XXL,OC0596,OC0596,HV-G&S,HV-G&S
2026-07-30 07:20:55,207529,GA09\YU25-074,30.40,25,SXXL,SXXL,OC5673,OC5673,HV-G&S,HV-G&S
2026-07-30 07:21:09,207530,GA09\YU25-074,30.42,25,SXXL,SXXL,OC8135,OC8135,HV-G&S,HV-G&S
2026-07-30 07:21:15,207531,GA09\YU25-074,31.38,25,SXXL,SXXL,OC5882,OC5882,HV-G&S,HV-G&S
2026-07-30 07:21:29,207532,GA09\YU25-074,31.17,25,SXXL,SXXL,OC8228,OC8228,HV-G&S,HV-G&S
2026-07-30 07:21:35,207533,GA09\YU25-074,30.39,25,SXXL,SXXL,OC8272,OC8272,HV-G&S,HV-G&S
2026-07-30 07:21:42,207534,GA09\YU25-074,30.38,25,SXXL,SXXL,OC6555,OC6555,HV-G&S,HV-G&S
2026-07-30 07:21:58,207535,GA09\YU25-074,31.15,25,SXXL,SXXL,OC8716,OC8716,HV-G&S,HV-G&S
2026-07-30 07:22:14,207536,GA09\YU25-074,30.93,25,SXXL,SXXL,CC1273,CC1273,HV-G&S,HV-G&S
2026-07-30 07:22:29,207537,GA09\YU25-074,31.78,25,SXXL,SXXL,OC8149,OC8149,HV-G&S,HV-G&S
2026-07-30 07:22:33,207538,GA09\YU25-074,31.03,25,SXXL,SXXL,OC8615,OC8615,HV-G&S,HV-G&S
2026-07-30 07:22:40,207539,GA09\YU25-074,31.04,25,SXXL,SXXL,CC0810,CC0810,HV-G&S,HV-G&S
2026-07-30 07:22:45,207540,GA09\YU25-074,30.89,25,SXXL,SXXL,OC3640,OC3640,HV-G&S,HV-G&S
2026-07-30 07:22:51,207541,GA09\YU25-074,31.40,25,SXXL,SXXL,OC1146,OC1146,HV-G&S,HV-G&S
2026-07-30 07:23:41,207542,GA09\YU25-074,33.25,44,Extra Large,ExtraLarge,OC8209,OC8209,Packing,Packing
2026-07-30 07:23:55,207543,GA09\YU25-074,31.83,44,Extra Large,ExtraLarge,OC6721,OC6721,Packing,Packing
